Marca,Categoria
Arno,Eletrodomésticos
Amazon,Smart Home
Samsung,TVs e Áudio
Philips Walita,Eletrodomésticos
Sony,TVs e Áudio
Brastemp,Eletrodomésticos
Dell,Informática
Electrolux,Eletrodomésticos
Oster,Eletrodomésticos
Philco,Eletrodomésticos
LG,Eletrodomésticos
Nescafé,Eletrodomésticos
Intelbras,Segurança
Sony,TVs e Áudio
Black+Decker,Eletrodomésticos
JBL,Áudio
Consul,Eletrodomésticos
HP,Informática
Britânia,Eletrodomésticos
Epson,Informática
Apple,Áudio
Taiff,Eletrodomésticos
Garmin,Informática
Canon,Fotografia
Panasonic,Eletrodomésticos
Acer,Informática
Irobot,Eletrodomésticos
KitchenAid,Eletrodomésticos
Nikon,Fotografia