ID_CLIENTE;CLIENTE;ENDERECO;CPF
3759651739;João da Silva;Caminho Foz do Jordão, 25 - Brasília - DF;64062518007
44257562749;Maria Souza;R. Dois de Fevereiro, 1354 - Goiânia - GO;29848483010
8268254785;Pedro Oliveira;R. Cel. Laurênio Lago, 355 - Campinas - SP;90791259055
3040980351;Ana Santos;R. Laurindo Rabêlo, 149  - Campo Grande - MS;76130194092
621950777;Lucas Pereira;R. Cinqüenta, 20  - Belo Horizonte - MG;53296768209
33726329749;Mariana Costa;Av. Meriti, 3882 - Campo Grande - MS;13572045902
9824868712;Carlos Rodrigues;R. Haddock Lobo, 17 - Salvador - BH;01728684377
2078365742;Laura Fernandes;Av. Dom Hélder Câmara, 3124 - Goiânia - GO;86259121098
9594349760;Fernando Martins;R. Fernando Esquerdo, 624 - Brasília - DF;38927046073
91988802768;Isabela Almeida;Av. Dom Hélder Câmara, 5269 - Curitiba - PR;24591273801
2379494746;Rafael Gomes;Av. Mal. Câmara, 154 - Goiânia - GO;59381647063
2373471728;Juliana Barbosa;Av. Ayrton Senna, 3799  - São Paulo - SP;41816329584
82236119704;André Lima;Av. Luís Carlos Prestes, 8 - Porto Alegre - RS;72859643029
43390129715;Beatriz Carvalho;Rua Santa Maria Rossello, 25 - Porto Alegre - RS;30691874516
29863333700;Gustavo Sousa;Praça Santos Dumont, 66 - Campinas - SP;87109234605
7053899799;Camila Ferreira;Av. Brasil, 121  - São Paulo - SP;21948697048
46619968791;Daniel Castro;R. Araújo Leitão, 48  - Campo Grande - MS;53418952706
2930317701;Lívia Santos;Praça Santos Dumont, 166  - Belo Horizonte - MG;69523714011
76815463753;Rodrigo Alves;Av. Min. Afrânio Costa, 202 - Campo Grande - MS;41265379821
31292046791;Letícia Oliveira;R. São Luiz Gonzaga, 119 - Goiânia - GO;96082435203
6964705783;Marcelo Costa;R. Manguaba, 21  - Salvador - BH;67513940288
72629274772;Manuela Rodrigues;Av. Pres. Vargas, 290 - Porto Alegre - RS;50236618940
12805717724;Matheus Almeida;R. Riachuelo, 114 - Goiânia - GO;04172895363
77842952787;Amanda Silva;R. Gonzaga Bastos, 300A - Brasília - DF;83415209629
80683215787;Vitor Pereira;R. Teodoro Sampaio, 467 - Goiânia - GO;36960782103
64113060797;Lara Carvalho;R. Canal Rio Faleiro, 35 - Campo Grande - MS;55693410847
8664533776;Guilherme Fernandes;Praça Sen. Salgado Filho, 130 - Porto Alegre - RS;22217984568
77126718772;Júlia Lima;R. Antenor Nascentes, 236  - Rio de Janeiro - RJ;08474639124
5194978723;Diego Souza;Rua Cardoso de Morais, 96 - Curitiba - PR;77421398508
64009319372;Isadora Castro;Praça Saiqui, 145 - Porto Alegre - RS;60394015861
82393222715;Ricardo Gomes;R. Carolina Machado, 1976 - Curitiba - PR;92817320490
887713777;Lorena Barbosa;Av. Lauro Sodré, 64 - Brasília - DF;16274085927
13332132717;Hugo Alves;R. Conselheiro Zenha, 68  - Belo Horizonte - MG;71501246844
49609165753;Carolina Oliveira;R. Pachêco Júnior, 2 - Curitiba - PR;49261805797
10760990760;Giovanni Costa;R. da Comunidade - Goiânia - GO;25389472035
10493761705;Valentina Rodrigues;R. Mal. Jofre, 129  - Porto Alegre - RS;80896543705
75445719715;Thiago Almeida;Rua Wilde Lustoza, 16 - Brasília - DF;64759021842
11504339738;Larissa Silva;R. Dep. José da Rocha Ribas, 227 - Campinas - SP;32540716960
38496275787;Renan Sousa;R. Barão de Itapagipe, 306 - Rio de Janeiro - RJ;09631870480
90830636749;Gabriela Carvalho;R. Moacir Campos, 75 - São Paulo - SP;78150642301
3760238300;Raphael Lima;R. Des. Izidro, 89 - Curitiba - PR;52198743610
5427963766;Carolina Ferreira;Praça da Bandeira, 179 - São Paulo - SP;67903250888
47268018720;Lucas Castro;Estr. da Água Grande, 1031 - Goiânia - GO;83971604520
7150192793;Sophia Gomes;R. Eng. Enaldo Cravo Peixoto, 280 - Niterói - RJ;57295864012
87549999791;Vinícius Fernandes;R. Dois de Fevereiro, 1321 - Brasília - DF;41523790863
99010968715;Bianca Lima;Estrada Adhemar Bebiano, 21682 - Campo Grande - MS;96347052880
25198076600;Henrique Alves;Rua Padre Ildefonso Penalba, 151 - Belo Horizonte - MG;25481067913
78623359704;Luiza Carvalho;Av. Lauro Sodré, 445 - Rio de Janeiro - RJ;17092638427
7129236752;Eduardo Gomes;Rua Padre Mário Versé, 27 - Campinas - SP;72956841300
44646550768;Alice Barbosa;Rua Adolfo Bergamini, 366 - Santos - SP;48291370657
90005511704;Emanuel Barbosa;R. Nabuco de Araújo, 583 - Campinas - SP;95120430840
84490438753;Eduarda Vasnconselos;Av. Pasteur, 493 - Brasília - DF;36458209150
46118837449;Valentina Andrade;Rua Fonseca, 240 - Belo Horizonte - MG;80349721699
7317856738;Carlos Emanuel;R. da Fábrica - Campinas - SP;59810352704
30780411749;Anderson Silva;R. Dias da Cruz, 183 - Rio de Janeiro - RJ;11111111111
81034342720;Renan Silva;Estr. dos Bandeirantes, 140 - Rio de Janeiro - RJ;22222222222
66631300720;Marcos Antonio;R. Alfredo Réis, 56 - Belo Horizonte - MG;33333333333
1058932401;João da Silva;Rua dos Flores, 123 - Brasília - DF;12345678901
2056473210;Maria Oliveira;Avenida Central, 456 - Goiânia - GO;98765432109
3059827364;Carlos Santos;Rua das Palmeiras, 789 - Campinas - SP;74185296302
4028376451;Ana Pereira;Alameda dos Bosques, 456 - Campo Grande - MS;85296374105
5082397169;Paulo Rodrigues;Rua dos Girassóis, 123 - Belo Horizonte - MG;36985214708
6089415723;Juliana Ferreira;Travessa dos Lírios, 789 - Salvador - BA;96385274103
7051928345;Lucas Almeida;Avenida das Acácias, 456 - Curitiba - PR;25874136902
8057329146;Fernanda Costa;Rua dos Cravos, 123 - São Paulo - SP;65412398706
9056712384;Gustavo Oliveira;Alameda das Hortênsias, 789 - Porto Alegre - RS;14725836901
1004397826;Larissa Silva;Rua das Rosas, 456 - Rio de Janeiro - RJ;36985214705
2053981762;Rodrigo Santos;Avenida dos Jasmins, 123 - Niterói - RJ;74185296307
3005712984;Sabrina Vieira;Rua das Margaridas, 789 - Santos - SP;85296374109
4019735628;Renato Pereira;Alameda das Tulipas, 456 - Brasília - DF;96385274106
5001862943;Camila Ferreira;Travessa das Orquídeas, 123 - Goiânia - GO;36985214708
6023819574;Diego Alves;Avenida dos Lírios, 789 - Campinas - SP;74185296301
7042958132;Amanda Oliveira;Rua das Violetas, 456 - Campo Grande - MS;85296374104
8051647293;Guilherme Rodrigues;Alameda dos Cravos, 123 - Belo Horizonte - MG;96385274107
9008354172;Letícia Costa;Rua das Margaridas, 789 - Salvador - BA;36985214705
1017283594;Marcelo Oliveira;Avenida das Rosas, 456 - Curitiba - PR;74185296308
2015489327;Isabela Santos;Rua dos Girassóis, 123 - São Paulo - SP;85296374101
3002549716;Victor Ferreira;Alameda das Orquídeas, 789 - Porto Alegre - RS;96385274104
4057129834;Carolina Almeida;Travessa dos Lírios, 456 - Rio de Janeiro - RJ;36985214707
5058219473;Pedro Costa;Avenida das Violetas, 123 - Niterói - RJ;74185296300
6063941825;Beatriz Rodrigues;Rua dos Jasmins, 789 - Santos - SP;85296374103
7061582394;Marcos Silva;Alameda dos Cravos, 456 - Brasília - DF;96385274106
8014659273;André Oliveira;Travessa das Margaridas, 123 - Goiânia - GO;36985214709
9018472536;Natália Santos;Avenida dos Girassóis, 789 - Campinas - SP;74185296302
1003649257;Gabriel Ferreira;Rua das Tulipas, 456 - Campo Grande - MS;85296374105
2015786439;Sophia Almeida;Alameda dos Lírios, 123 - Belo Horizonte - MG;96385274108
3002567198;Thiago Costa;Travessa das Violetas, 789 - Salvador - BA;36985214701
4001928473;Letícia Rodrigues;Avenida das Orquídeas, 456 - Curitiba - PR;74185296304
5061972384;Luiza Silva;Rua dos Cravos, 123 - São Paulo - SP;85296374107
6061582394;Marcos Oliveira;Alameda das Margaridas, 789 - Porto Alegre - RS;96385274100
1058932401;João da Silva;Rua dos Flores, 123 - Brasília - DF;12345678901
2056473210;Maria Oliveira;Avenida Central, 456 - Goiânia - GO;98765432109
3059827364;Carlos Santos;Rua das Palmeiras, 789 - Campinas - SP;74185296302
4028376451;Ana Pereira;Alameda dos Bosques, 456 - Campo Grande - MS;85296374105
5082397169;Paulo Rodrigues;Rua dos Girassóis, 123 - Belo Horizonte - MG;36985214708
6089415723;Juliana Ferreira;Travessa dos Lírios, 789 - Salvador - BA;96385274103
7051928345;Lucas Almeida;Avenida das Acácias, 456 - Curitiba - PR;25874136902
8057329146;Fernanda Costa;Rua dos Cravos, 123 - São Paulo - SP;65412398706
9056712384;Gustavo Oliveira;Alameda das Hortênsias, 789 - Porto Alegre - RS;14725836901
1004397826;Larissa Silva;Rua das Rosas, 456 - Rio de Janeiro - RJ;36985214705
2053981762;Rodrigo Santos;Avenida dos Jasmins, 123 - Niterói - RJ;74185296307
3005712984;Sabrina Vieira;Rua das Margaridas, 789 - Santos - SP;85296374109
4019735628;Renato Pereira;Alameda das Tulipas, 456 - Foz do Iguaçu - PR;96385274106
5001862943;Camila Ferreira;Travessa das Orquídeas, 123 - Recife - PE;36985214708
6023819574;Diego Alves;Avenida dos Lírios, 789 - Porto Velho - RO;74185296301
7042958132;Amanda Oliveira;Rua das Violetas, 456 - Campo Grande - MS;85296374104
8051647293;Guilherme Rodrigues;Alameda dos Cravos, 123 - Belo Horizonte - MG;96385274107
9008354172;Letícia Costa;Rua das Margaridas, 789 - Salvador - BA;36985214705
1017283594;Marcelo Oliveira;Avenida das Rosas, 456 - Curitiba - PR;74185296308
2015489327;Isabela Santos;Rua dos Girassóis, 123 - São Paulo - SP;85296374101
3002549716;Victor Ferreira;Alameda das Orquídeas, 789 - Rio Branco - AC;96385274104
4057129834;Carolina Almeida;Travessa dos Lírios, 456 - Rio de Janeiro - RJ;36985214707
5058219473;Pedro Costa;Avenida das Violetas, 123 - Niterói - RJ;74185296300
6063941825;Beatriz Rodrigues;Rua dos Jasmins, 789 - Santos - SP;85296374103
7061582394;Marcos Silva;Alameda dos Cravos, 456 - Brasília - DF;96385274106
8014659273;André Oliveira;Travessa das Margaridas, 123 - Goiânia - GO;36985214709
9018472536;Natália Santos;Avenida dos Girassóis, 789 - Campinas - SP;74185296302
1003649257;Gabriel Ferreira;Rua das Tulipas, 456 - Campo Grande - MS;85296374105
2015786439;Sophia Almeida;Alameda dos Lírios, 123 - Belo Horizonte - MG;96385274108
3002567198;Thiago Costa;Travessa das Violetas, 789 - Salvador - BA;36985214701
4001928473;Letícia Rodrigues;Avenida das Orquídeas, 456 - Curitiba - PR;74185296304
5061972384;Luiza Silva;Rua dos Cravos, 123 - São Paulo - SP;85296374107
6061582394;Marcos Oliveira;Alameda das Margaridas, 789 - Porto Alegre - RS;96385274100
7023849571;Clara Rodrigues;Travessa dos Girassóis, 456 - Rio de Janeiro - RJ;36985214703
8009237451;Rafael Ferreira;Avenida dos Lírios, 123 - Niterói - RJ;74185296306
9004721839;Carolina Almeida;Rua das Violetas, 789 - Santos - SP;85296374109
1008364259;Leonardo Costa;Alameda dos Cravos, 456 - Brasília - DF;96385274102
1012345678;João Silva;Rua das Flores, 123 - Brasília - DF;12345678901
2012345679;Maria Santos;Avenida Central, 456 - Goiás - GO;23456789012
3012345680;Pedro Oliveira;Rua dos Girassóis, 789 - Campinas - SP;34567890123
4012345681;Ana Costa;Alameda das Acácias, 456 - Campo Grande - MS;45678901234
5012345682;Lucas Pereira;Rua das Margaridas, 123 - Belo Horizonte - MG;56789012345
6012345683;Juliana Almeida;Avenida das Rosas, 789 - Salvador - BA;67890123456
7012345684;Rafael Rodrigues;Rua dos Cravos, 456 - Curitiba - PR;78901234567
8012345685;Mariana Alves;Alameda das Tulipas, 123 - São Paulo - SP;89012345678
9012345686;Gustavo Ferreira;Travessa das Orquídeas, 789 - Porto Alegre - RS;90123456789
1001234567;Fernanda Silva;Avenida dos Lírios, 456 - Rio de Janeiro - RJ;01234567890
1101234568;Diego Costa;Rua das Violetas, 123 - Niterói - RJ;11223344556
1201234569;Carolina Oliveira;Avenida dos Jasmins, 789 - Santos - SP;22334455667
1301234570;Pedro Almeida;Travessa dos Girassóis, 456 - Foz do Iguaçu - PR;33445566778
1401234571;Larissa Rodrigues;Rua das Margaridas, 789 - Recife - PE;44556677889
1501234572;Lucas Santos;Alameda dos Cravos, 123 - Porto Velho - RO;55667788990
1601234573;Amanda Oliveira;Rua das Tulipas, 456 - Rio Branco - AC;66778899001
1701234574;Rodrigo Almeida;Avenida das Orquídeas, 789 - Santa Terezinha de Itaipu - PR;77889900012
1801234575;Marina Silva;Travessa dos Lírios, 123 - Brasília - DF;88990001123
1901234576;Bruno Ferreira;Avenida dos Girassóis, 789 - Goiás - GO;99000111234
2001234577;Vanessa Costa;Rua das Margaridas, 456 - Campinas - SP;00111223345
2101234578;Fernando Oliveira;Alameda dos Cravos, 123 - Campo Grande - MS;11223344556
2201234579;Isabela Rodrigues;Travessa das Orquídeas, 789 - Belo Horizonte - MG;22334455667
2301234580;Lucas Santos;Avenida das Tulipas, 456 - Salvador - BA;33445566778
2401234581;Carolina Almeida;Rua dos Girassóis, 123 - Curitiba - PR;44556677889
2501234582;Gustavo Oliveira;Alameda das Rosas, 789 - São Paulo - SP;55667788990
2601234583;Mariana Costa;Travessa das Margaridas, 456 - Porto Alegre - RS;66778899001
2701234584;Pedro Silva;Avenida dos Cravos, 123 - Rio de Janeiro - RJ;77889900012
2801234585;Larissa Alves;Rua das Violetas, 789 - Niterói - RJ;88990001123
2901234586;Rafaela Ferreira;Alameda dos Jasmins, 456 - Santos - SP;99000111234
3001234587;Diego Costa;Travessa das Tulipas, 123 - Foz do Iguaçu - PR;00111223345
3101234588;Amanda Oliveira;Avenida das Margaridas, 789 - Recife - PE;11223344556
3201234589;Rodrigo Almeida;Rua dos Girassóis, 456 - Porto Velho - RO;22334455667
3301234590;Carolina Silva;Alameda das Orquídeas, 123 - Rio Branco - AC;33445566778
3401234591;Lucas Santos;Travessa dos Lírios, 789 - Santa Terezinha de Itaipu - PR;44556677889